{"page-layout":"wide","site-width":"1170","page-content-padding":{"left":"","right":"","top":"","bottom":""},"cpt-opts":{"portfolio":"portfolio","team":"team","testimonial":"testimonial","events":"events","services":"services"},"page-loader":"1","page-loader-img":{"id":"15012","url":"https:\/\/elementor.zozothemes.com\/klenster\/wp-content\/uploads\/sites\/21\/2022\/08\/Eclipse-loader.gif"},"infinite-loader-img":{"id":"","url":""},"logo":{"id":"13020","url":"http:\/\/demo.zozothemes.com\/import\/uploads-temp\/klenster\/uploads\/2020\/06\/logo-samp.png"},"sticky-logo":{"id":"13020","url":"http:\/\/demo.zozothemes.com\/import\/uploads-temp\/klenster\/uploads\/2020\/06\/logo-samp.png"},"mobile-logo":{"id":"13020","url":"http:\/\/demo.zozothemes.com\/import\/uploads-temp\/klenster\/uploads\/2020\/06\/logo-samp.png"},"mailchimp-api":"4e01160ca54f6a361356f0427a221d5f-us1","google-api":"","comments-type":"wp","comments-like":"0","comments-share":"0","fb-developer-key":"","fb-comments-number":"5","smooth-opt":"0","scroll-time":"600","scroll-distance":"40","klenster-grid-large":{"width":"440","height":"260"},"klenster-grid-small":{"width":"220","height":"130"},"klenster-team-medium":{"width":"300","height":"300"},"rtl":"0","theme-color":"#23a036","secondary-color":"#ffc600","theme-link-color":{"regular":"#23a036","hover":"#23a036","active":"#23a036"},"body-background":{"bg_repeat":"","bg_size":"","bg_attachment":"","bg_position":"","bg_media":{"id":"","url":""},"bg_color":"","bg_transparent":"0"},"body-typography":{"font_family":"Roboto","font_weight":"400","font_sub":"latin","text_align":"","text_transform":"","font_size":"16","line_height":"32","letter_spacing":"","font_color":"#777777"},"h1-typography":{"font_family":"Domine","font_weight":"700","font_sub":"","text_align":"","text_transform":"","font_size":"46","line_height":"58","letter_spacing":"","font_color":"#0a1026"},"h2-typography":{"font_family":"Domine","font_weight":"700","font_sub":"","text_align":"","text_transform":"","font_size":"40","line_height":"52","letter_spacing":"","font_color":"#0a1026"},"h3-typography":{"font_family":"Domine","font_weight":"700","font_sub":"","text_align":"","text_transform":"","font_size":"36","line_height":"48","letter_spacing":"","font_color":"#0a1026"},"h4-typography":{"font_family":"Domine","font_weight":"700","font_sub":"","text_align":"","text_transform":"","font_size":"30","line_height":"42","letter_spacing":"","font_color":"#0a1026"},"h5-typography":{"font_family":"Domine","font_weight":"800","font_sub":"","text_align":"","text_transform":"","font_size":"24","line_height":"34","letter_spacing":"","font_color":"#1c1c25"},"h6-typography":{"font_family":"Domine","font_weight":"800","font_sub":"","text_align":"","text_transform":"","font_size":"20","line_height":"32","letter_spacing":"","font_color":"#1c1c25"},"widgets-title":{"font_family":"","font_weight":"","font_sub":"","text_align":"","text_transform":"","font_size":"22","line_height":"","letter_spacing":"","font_color":""},"widgets-content":{"font_family":"","font_weight":"","font_sub":"","text_align":"","text_transform":"","font_size":"","line_height":"","letter_spacing":"","font_color":"#777777"},"main-menu-typography":{"font_family":"Domine","font_weight":"700","font_sub":"","text_align":"","text_transform":"","font_size":"17","line_height":"","letter_spacing":"","font_color":"#0a1026"},"dropdown-menu-typography":{"font_family":"Domine","font_weight":"700","font_sub":"","text_align":"","text_transform":"","font_size":"16","line_height":"","letter_spacing":"","font_color":"#0a1026"},"top-sliding-typography":{"font_family":"","font_weight":"","font_sub":"","text_align":"","text_transform":"","font_size":"","line_height":"","letter_spacing":"","font_color":""},"header-topbar-typography":{"font_family":"Domine","font_weight":"","font_sub":"","text_align":"","text_transform":"","font_size":"14","line_height":"","letter_spacing":"","font_color":"#ffffff"},"header-logobar-typography":{"font_family":"","font_weight":"","font_sub":"","text_align":"","text_transform":"","font_size":"","line_height":"","letter_spacing":"","font_color":""},"header-navbar-typography":{"font_family":"","font_weight":"","font_sub":"","text_align":"","text_transform":"","font_size":"","line_height":"","letter_spacing":"","font_color":"#0a1026"},"header-fixed-typography":{"font_family":"","font_weight":"","font_sub":"","text_align":"","text_transform":"","font_size":"","line_height":"","letter_spacing":"","font_color":""},"mobile-menu-typography":{"font_family":"","font_weight":"","font_sub":"","text_align":"","text_transform":"","font_size":"","line_height":"","letter_spacing":"","font_color":""},"footer-typography":{"font_family":"","font_weight":"","font_sub":"","text_align":"","text_transform":"","font_size":"","line_height":"","letter_spacing":"","font_color":""},"footer-top-typography":{"font_family":"","font_weight":"","font_sub":"","text_align":"","text_transform":"","font_size":"","line_height":"","letter_spacing":"","font_color":"#ffffff"},"footer-middle-typography":{"font_family":"","font_weight":"","font_sub":"","text_align":"","text_transform":"","font_size":"","line_height":"","letter_spacing":"","font_color":"#cccccc"},"footer-bottom-typography":{"font_family":"","font_weight":"","font_sub":"","text_align":"","text_transform":"","font_size":"","line_height":"","letter_spacing":"","font_color":"#a3a3a3"},"header-layout":"full","header-template":"custom","header-type":"default","header-background":{"bg_repeat":"","bg_size":"","bg_attachment":"","bg_position":"","bg_media":{"id":"","url":""},"bg_color":"","bg_transparent":"0"},"header-items":{"Normal":{"header-topbar":"Top Bar"},"Sticky":{"header-nav":"Nav Bar"},"disabled":{"header-logo":"Logo Section"}},"header-address-label":"Address","header-address-text":"4b, Walse Street , USA","header-phone-label":"Phone","header-phone-text":"(232) 456-7890","header-email-label":"Email","header-email-text":"info@example.com","header-slider-position":"bottom","header-absolute":"0","sticky-part":"1","sticky-part-scrollup":"1","mainmenu-menutype":"advanced","dropdown-menu-background":"","dropdown-menu-link-color":{"regular":"#676767","hover":"#23a036","active":"#23a036"},"dropdown-menu-border":{"left":"","right":"","top":"","bottom":"","style":"","color":""},"menu-tag":"1","menu-tag-hot-text":"Hot","menu-tag-hot-bg":"","menu-tag-new-text":"New","menu-tag-new-bg":"","menu-tag-trend-text":"Trend","menu-tag-trend-bg":"","secondary-menu":"1","secondary-menu-type":"left-push","secondary-menu-space-width":"350","header-top-sliding-switch":"0","header-top-sliding-device":["desktop","tab"],"header-top-sliding-cols":"3","header-top-sliding-sidebar-1":"","header-top-sliding-sidebar-2":"","header-top-sliding-sidebar-3":"","header-top-sliding-sidebar-4":"","top-sliding-background":"","top-sliding-link-color":{"regular":"","hover":"","active":""},"top-sliding-border":{"left":"","right":"","top":"","bottom":"","style":"","color":""},"top-sliding-padding":{"left":"","right":"","top":"","bottom":""},"search-toggle-form":"3","header-topbar-height":"50","header-topbar-background":"#23a036","header-topbar-link-color":{"regular":"#ffffff","hover":"#ffc600","active":"#ffc600"},"header-topbar-border":{"left":"","right":"","top":"","bottom":"","style":"solid","color":"#e5e5e5"},"header-topbar-padding":{"left":"","right":"","top":"","bottom":""},"header-topbar-text-1":"Customer service: <a href=\"tel:18002162020\">1 (800) 216 20 20<\/a>","header-topbar-text-2":"<div class=\"custom-logins\">\r\n<a href=\"#\">Login\r\n<\/a>or<a href=\"#\"> Register<\/a><\/div>","header-topbar-text-3":"Welcome To Klenster","header-topbar-date":"l, F j, Y","header-topbar-items":{"disabled":{"header-topbar-search":"Search","header-cart":"Cart","header-topbar-date":"Date","header-address":"Address Text","header-topbar-text-3":"Custom Text 3","header-topbar-menu":"Top Bar Menu","header-topbar-search-toggle":"Search Toggle","header-topbar-text-2":"Custom Text 2","header-topbar-text-1":"Custom Text 1"},"Left":{"header-email":"Email","header-phone":"Phone Number"},"Right":{"header-topbar-social":"Social"}},"header-logobar-height":"100","header-logobar-sticky-height":"80","header-logobar-background":"#ffffff","header-logobar-link-color":{"regular":"#1c1c25","hover":"#23a036","active":"#23a036"},"header-logobar-border":{"left":"","right":"","top":"","bottom":"","style":"","color":""},"header-logobar-padding":{"left":"","right":"","top":"","bottom":""},"sticky-header-logobar-color":"","sticky-header-logobar-background":"","sticky-header-logobar-link-color":{"regular":"","hover":"","active":""},"sticky-header-logobar-border":{"left":"","right":"","top":"","bottom":"","style":"","color":""},"sticky-header-logobar-padding":{"left":"","right":"","top":"","bottom":""},"header-logobar-text-1":"<ul class=\"klenster-header-custom-info\">\r\n<li class=\"klenster-header-phone\">\r\n\t<div class=\"media\">\r\n\t\t<i class=\"ti-mobile\"><\/i>\r\n\t\t<div class=\"media-body\">\r\n\t\t\t<h6 class=\"mt-0 mb-2\"><a href=\"tele:(155)56554515\"> (155)56554515<\/a><\/h6>\r\n\t\t\t<p class=\"info-text mb-0\">Mon to Fri: 08:00 - 19:00<\/p>\r\n\t\t<\/div>\r\n\t<\/div>\r\n<\/li>\r\n<li class=\"klenster-header-email\">\r\n\t<div class=\"media\">\r\n\t\t<i class=\"ti-email\"><\/i>\r\n\t\t<div class=\"media-body\">\r\n\t\t\t<h6 class=\"mt-0 mb-2\"><a href=\"mailto:info@example.com\">info@example.com<\/a><\/h6>\t\t\t\r\n\t\t\t<p class=\"info-text mb-0\">Get a Free Consultation<\/p>\r\n\t\t<\/div>\r\n\t<\/div>\r\n<\/li>\r\n<\/ul>","header-logobar-text-2":"[klenster_popup_element icon_text=\"Get A Quote\"]<h5 class=\"popup-title text-center\">Get A Quote<\/h5>[contact-form-7 id=\"12791\" title=\"Request A Quote\"][\/klenster_popup_element]","header-logobar-text-3":"info@example.com","header-logobar-items":{"disabled":{"header-logobar-secondary-toggle":"Secondary Toggle","header-cart":"Cart","header-logobar-text-1":"Custom Text 1","header-phone":"Phone Number","header-address":"Address Text","header-email":"Email","header-logobar-text-3":"Custom Text 3","header-logobar-search":"Search","header-logobar-social":"Social","multi-info":"Address, Phone, Email","header-logobar-text-2":"Custom Text 2"},"Left":{"header-logobar-logo":"Logo","header-logobar-sticky-logo":"Sticky Logo"},"Right":{"header-logobar-menu":"Main Menu","header-logobar-search-toggle":"Search Toggle"}},"header-navbar-height":"80","header-navbar-sticky-height":"70","header-navbar-background":"","header-navbar-link-color":{"regular":"#1c1c25","hover":"#23a036","active":"#23a036"},"header-navbar-border":{"left":"","right":"","top":"","bottom":"","style":"","color":""},"header-navbar-padding":{"left":"","right":"","top":"","bottom":""},"sticky-header-navbar-color":"#ffffff","sticky-header-navbar-link-color":{"regular":"#1c1c25","hover":"#23a036","active":"#23a036"},"sticky-header-navbar-border":{"left":"","right":"","top":"","bottom":"","style":"","color":""},"sticky-header-navbar-padding":{"left":"","right":"","top":"","bottom":""},"header-navbar-text-1":"[klenster_popup_element icon_text=\"Get A Quote\"]<h5 class=\"popup-title text-center\">Get A Quote<\/h5>[contact-form-7 id=\"12791\" title=\"Request A Quote\"][\/klenster_popup_element]","header-navbar-text-2":"<div class=\"header-button\">\r\n<a href=\"http:\/\/elementor.zozothemes.com\/klenster\/contact\/\" class=\"btn btn-default\">Get A Quote<\/a>\r\n<\/div>","header-navbar-text-3":"","header-navbar-items":{"disabled":{"header-navbar-text-2":"Custom Text 2","header-navbar-text-3":"Custom Text 3","header-navbar-search":"Search","header-navbar-search-toggle":"Search Toggle","header-phone":"Phone Number","header-address":"Address Text","header-email":"Email","header-navbar-secondary-toggle":"Secondary Toggle","header-navbar-social":"Social","header-wishlist":"Wishlist"},"Left":{"header-navbar-logo":"Logo","header-navbar-sticky-logo":"Stikcy Logo","header-navbar-menu":"Main Menu"},"Right":{"header-cart":"Cart","header-navbar-text-1":"Custom Text 1"}},"header-fixed-width":"350","header-fixed-link-color":{"regular":"","hover":"","active":""},"header-fixed-border":{"left":"","right":"","top":"","bottom":"","style":"","color":""},"header-fixed-padding":{"left":"","right":"","top":"","bottom":""},"header-fixed-background":{"bg_repeat":"","bg_size":"","bg_attachment":"","bg_position":"","bg_media":{"id":"","url":""},"bg_color":"","bg_transparent":""},"header-fixed-text-1":"","header-fixed-text-2":"","header-fixed-items":{"disabled":{"header-fixed-text-1":"Custom Text 1","header-fixed-text-2":"Custom Text 2","header-fixed-search":"Search Form","header-fixed-social":"Social"},"Top":{"header-fixed-logo":"Logo"},"Middle":{"header-fixed-menu":"Menu"}},"mobile-topbar-opt":"0","mobile-topbar-text-1":"","mobile-header-from":"c","mobile-header-from-custom":"1250","mobile-header-height":"70","mobile-header-background":"#ffffff","mobile-header-link-color":{"regular":"#1c1c25","hover":"#23a036","active":"#23a036"},"mobile-header-sticky":"1","mobile-header-sticky-scrollup":"0","mobile-header-sticky-height":"70","mobile-header-sticky-background":"#ffffff","mobile-header-sticky-link-color":{"regular":"#1c1c25","hover":"#23a036","active":"#23a036"},"mobile-header-items":{"disabled":{"mobile-header-cart":"Cart Icon"},"Left":{"mobile-header-menu":"Menu Icon"},"Center":{"mobile-header-logo":"Logo"},"Right":{"mobile-header-search":"Search Icon"}},"mobile-menu-max-width":"","mobile-menu-link-color":{"regular":"#1c1c25","hover":"#23a036","active":"#23a036"},"mobile-menu-border":{"left":"","right":"","top":"","bottom":"","style":"","color":""},"mobile-menu-padding":{"left":"","right":"","top":"","bottom":""},"mobile-menu-background":{"bg_repeat":"","bg_size":"","bg_attachment":"","bg_position":"","bg_media":{"id":"","url":""},"bg_color":"","bg_transparent":""},"mobile-menu-animate-from":"left","mobile-menu-text-1":"","mobile-menu-text-2":"","mobile-menu-items":{"disabled":{"mobile-menu-text-1":"Custom Text 1","mobile-menu-text-2":"Custom Text 2","mobile-menu-social":"Social"},"Top":{"mobile-menu-logo":"Logo"},"Middle":{"mobile-menu-mainmenu":"Menu"},"Bottom":{"mobile-menu-search":"Search Form"}},"footer-layout":"wide","footer-template":"custom","back-to-top":"1","back-to-top-position":"right","hidden-footer":"0","footer-link-color":{"regular":"","hover":"#ffd801","active":"#ffd801"},"footer-border":{"left":"","right":"","top":"","bottom":"","style":"","color":""},"footer-padding":{"left":"","right":"","top":"","bottom":""},"footer-background":{"bg_repeat":"no-repeat","bg_size":"cover","bg_attachment":"","bg_position":"center center","bg_media":{"id":"7515","url":""},"bg_color":"#000000","bg_transparent":"0"},"footer-background-overlay":"","footer-items":{"Enabled":{"footer-top":"Footer Top","footer-middle":"Footer Middle","footer-bottom":"Footer Bottom"}},"footer-top-container":"wide","footer-top-layout":"3-9","footer-top-sidebar-1":"zozo-custom-footer-top-1","footer-top-sidebar-2":"zozo-custom-footer-top-2","footer-top-sidebar-3":"","footer-top-sidebar-4":"","footer-top-sidebar-5":"","footer-top-link-color":{"regular":"","hover":"","active":""},"footer-top-border":{"left":"","right":"","top":"","bottom":"","style":"","color":""},"footer-top-padding":{"left":"","right":"","top":"80","bottom":"80"},"footer-top-margin":{"left":"","right":"","top":"","bottom":"-75"},"footer-top-background":{"bg_repeat":"","bg_size":"","bg_attachment":"","bg_position":"","bg_media":{"id":"5472","url":""},"bg_color":"","bg_transparent":"1"},"footer-top-background-overlay":"","footer-top-title-color":"#ffffff","footer-middle-container":"wide","footer-middle-layout":"4-4-4","footer-middle-sidebar-1":"sidebar-2","footer-middle-sidebar-2":"sidebar-3","footer-middle-sidebar-3":"sidebar-4","footer-middle-sidebar-4":"sidebar-5","footer-middle-sidebar-5":"","footer-middle-link-color":{"regular":"#cccccc","hover":"#ffd801","active":"#ffd801"},"footer-middle-border":{"left":"","right":"","top":"","bottom":"","style":"","color":""},"footer-middle-padding":{"left":"","right":"","top":"75","bottom":"70"},"footer-middle-margin":{"left":"","right":"","top":"0px","bottom":""},"footer-middle-background":{"bg_repeat":"","bg_size":"","bg_attachment":"","bg_position":"","bg_media":{"id":"","url":""},"bg_color":"","bg_transparent":"1"},"footer-middle-background-overlay":"","footer-middle-title-color":"#ffffff","footer-bottom-container":"boxed","copyright-text":"Copyrights  \u00a9 2022 <a href=\"https:\/\/zozothemes.com\/item\/klenster-cleaning-services-wordpress-theme\/\/\" class=\"theme-color\" target=\"_blank\">Klenster<\/a>. WordPress Theme by \n <a href=\"https:\/\/zozothemes.com\/\" class=\"theme-color\" target=\"_blank\">Zozothemes<\/a>","footer-bottom-fixed":"0","footer-bottom-widget":"","footer-bottom-items":{"disabled":{"social":"Footer Social Links","widget":"Custom Widget","menu":"Footer Menu"},"Center":{"copyright":"Copyright Text"}},"footer-bottom-link-color":{"regular":"#ffffff","hover":"#ffd801","active":"#ffd801"},"footer-bottom-border":{"left":"","right":"","top":"1","bottom":"","style":"solid","color":"#191919"},"footer-bottom-padding":{"left":"","right":"","top":"15","bottom":"15"},"footer-bottom-margin":{"left":"","right":"","top":"","bottom":""},"footer-bottom-background":{"bg_repeat":"","bg_size":"","bg_attachment":"","bg_position":"","bg_media":{"id":"","url":""},"bg_color":"","bg_transparent":"1"},"footer-bottom-background-overlay":"","footer-bottom-title-color":"","search-content":"all","page-page-title-opt":"1","template-page-color":"#ffffff","template-page-link-color":{"regular":"#ffd801","hover":"#eaeaea","active":"#ffd801"},"template-page-border":{"left":"","right":"","top":"","bottom":"","style":"","color":""},"template-page-padding":{"left":"","right":"","top":"84","bottom":"84"},"template-page-background-all":{"bg_repeat":"no-repeat","bg_size":"cover","bg_attachment":"","bg_position":"center center","bg_media":{"id":"13035","url":"https:\/\/elementor.zozothemes.com\/klenster\/wp-content\/uploads\/sites\/21\/2020\/06\/page-title-bg.jpg"},"bg_color":"","bg_transparent":""},"page-page-title-parallax":"0","page-page-title-bg":"0","page-page-title-video":"","page-page-title-overlay":"rgba(0,0,0,0.4)","template-page-page-title-items-opt":"1","template-page-pagetitle-items":{"Center":{"title":"Page Title Text","breadcrumb":"Breadcrumb"}},"page-page-template":"no-sidebar","page-left-sidebar":"","page-right-sidebar":"sidebar-1","page-sidebar-sticky":"1","page-page-hide-sidebar":"1","blog-page-title-opt":"1","template-blog-color":"#ffffff","template-blog-link-color":{"regular":"#ffd801","hover":"#eaeaea","active":"#ffd801"},"template-blog-border":{"left":"","right":"","top":"","bottom":"","style":"","color":""},"template-blog-padding":{"left":"","right":"","top":"84","bottom":"84"},"template-blog-background-all":{"bg_repeat":"no-repeat","bg_size":"cover","bg_attachment":"","bg_position":"center center","bg_media":{"id":"13035","url":"https:\/\/elementor.zozothemes.com\/klenster\/wp-content\/uploads\/sites\/21\/2020\/06\/page-title-bg.jpg"},"bg_color":"","bg_transparent":""},"blog-page-title-parallax":"0","blog-page-title-bg":"0","blog-page-title-video":"","blog-page-title-overlay":"rgba(0,0,0,0.4)","blog-page-title":"Blog","blog-page-desc":"","template-blog-page-title-items-opt":"0","template-blog-pagetitle-items":{"disabled":{"description":"Page Title Description"},"Center":{"title":"Page Title Text","breadcrumb":"Breadcrumb"}},"blog-featured-slider":"0","blog-article-color":"","blog-article-link-color":{"regular":"","hover":"","active":""},"blog-article-border":{"left":"","right":"","top":"","bottom":"","style":"","color":""},"blog-article-padding":{"left":"","right":"","top":"","bottom":""},"blog-article-background":"","blog-video-format":"onclick","blog-quote-format":"featured","blog-link-format":"featured","blog-gallery-format":"default","blog-page-template":"right-sidebar","blog-left-sidebar":"sidebar-1","blog-right-sidebar":"sidebar-1","blog-sidebar-sticky":"0","blog-page-hide-sidebar":"1","blog-post-template":"grid","blog-top-standard-post":"0","blog-grid-cols":"2","blog-grid-gutter":"40","blog-grid-type":"isotope","blog-infinite-scroll":"0","blog-more-text":"Read More","blog-excerpt":"15","blog-topmeta-items":{"Left":{"date":"Date"},"disabled":{"social":"Social Share","comments":"Comments","likes":"Likes","category":"Category","views":"Views","author":"Author","more":"Read More","favourite":"Favourite"}},"blog-bottommeta-items":{"Left":{"author":"Author"},"Right":{"more":"Read More"},"disabled":{"comments":"Comments","category":"Category","date":"Date","social":"Social Share","likes":"Likes","views":"Views","favourite":"Favourite"}},"blog-items":{"Enabled":{"thumb":"Thumbnail","top-meta":"Top Meta","title":"Title","bottom-meta":"Bottom Meta"},"disabled":{"content":"Content"}},"blog-overlay-opt":"0","blog-overlay-items":{"Enabled":{"bottom-meta":"Bottom Meta"},"disabled":{"title":"Title","top-meta":"Top Meta"}},"archive-page-title-opt":"1","template-archive-color":"#ffffff","template-archive-link-color":{"regular":"#ffd801","hover":"#eaeaea","active":"#ffd801"},"template-archive-border":{"left":"","right":"","top":"","bottom":"","style":"","color":""},"template-archive-padding":{"left":"","right":"","top":"84","bottom":"84"},"template-archive-background-all":{"bg_repeat":"no-repeat","bg_size":"cover","bg_attachment":"","bg_position":"center center","bg_media":{"id":"13035","url":"https:\/\/elementor.zozothemes.com\/klenster\/wp-content\/uploads\/sites\/21\/2020\/06\/page-title-bg.jpg"},"bg_color":"","bg_transparent":""},"archive-page-title-parallax":"0","archive-page-title-bg":"0","archive-page-title-video":"","archive-page-title-overlay":"rgba(0,0,0,0.4)","template-archive-page-title-items-opt":"1","template-archive-pagetitle-items":{"Center":{"title":"Page Title Text","breadcrumb":"Breadcrumb"}},"archive-featured-slider":"0","archive-article-color":"","archive-article-link-color":{"regular":"","hover":"","active":""},"archive-article-border":{"left":"","right":"","top":"","bottom":"","style":"","color":""},"archive-article-padding":{"left":"","right":"","top":"","bottom":""},"archive-article-background":"","archive-video-format":"onclick","archive-quote-format":"featured","archive-link-format":"featured","archive-gallery-format":"default","archive-page-template":"right-sidebar","archive-left-sidebar":"sidebar-1","archive-right-sidebar":"sidebar-1","archive-sidebar-sticky":"0","archive-page-hide-sidebar":"1","archive-post-template":"grid","archive-top-standard-post":"0","archive-grid-cols":"2","archive-grid-gutter":"40","archive-grid-type":"isotope","archive-infinite-scroll":"0","archive-more-text":"Read More","archive-excerpt":"15","archive-topmeta-items":{"Left":{"author":"Author","date":"Date"},"disabled":{"social":"Social Share","comments":"Comments","likes":"Likes","views":"Views","more":"Read More","category":"Category","favourite":"Favourite"}},"archive-bottommeta-items":{"Left":{"more":"Read More"},"disabled":{"comments":"Comments","category":"Category","social":"Social Share","likes":"Likes","author":"Author","views":"Views","date":"Date","favourite":"Favourite"}},"archive-items":{"Enabled":{"thumb":"Thumbnail","top-meta":"Top Meta","title":"Title","content":"Content","bottom-meta":"Bottom Meta"}},"archive-overlay-opt":"0","archive-overlay-items":{"Enabled":{"title":"Title"},"disabled":{"top-meta":"Top Meta","bottom-meta":"Bottom Meta"}},"single-post-page-title-opt":"1","template-single-post-color":"#ffffff","template-single-post-link-color":{"regular":"#ffd801","hover":"#eaeaea","active":"#ffd801"},"template-single-post-border":{"left":"","right":"","top":"","bottom":"","style":"","color":""},"template-single-post-padding":{"left":"","right":"","top":"84","bottom":"84"},"template-single-post-background-all":{"bg_repeat":"no-repeat","bg_size":"cover","bg_attachment":"","bg_position":"center center","bg_media":{"id":"13035","url":"https:\/\/elementor.zozothemes.com\/klenster\/wp-content\/uploads\/sites\/21\/2020\/06\/page-title-bg.jpg"},"bg_color":"","bg_transparent":""},"single-post-page-title-parallax":"0","single-post-page-title-bg":"0","single-post-page-title-video":"","single-post-page-title-overlay":"rgba(0,0,0,0.4)","template-single-post-page-title-items-opt":"1","template-single-post-pagetitle-items":{"Center":{"title":"Page Title Text","breadcrumb":"Breadcrumb"}},"single-post-featured-slider":"0","single-post-article-color":"","single-post-article-link-color":{"regular":"","hover":"","active":""},"single-post-article-border":{"left":"","right":"","top":"","bottom":"","style":"","color":""},"single-post-article-padding":{"left":"","right":"","top":"","bottom":""},"single-post-article-background":"","single-post-article-overlay-color":"","single-post-article-overlay-link-color":{"regular":"","hover":"","active":""},"single-post-article-overlay-border":{"left":"","right":"","top":"","bottom":"","style":"","color":""},"single-post-article-overlay-padding":{"left":"","right":"","top":"","bottom":""},"single-post-article-overlay-background":"","single-post-video-format":"onclick","single-post-quote-format":"featured","single-post-link-format":"featured","single-post-gallery-format":"default","single-post-page-template":"right-sidebar","single-post-left-sidebar":"sidebar-1","single-post-right-sidebar":"sidebar-1","single-post-sidebar-sticky":"0","single-post-page-hide-sidebar":"1","single-post-full-wrap":"0","single-post-topmeta-items":{"Left":{"date":"Date","author":"Author","category":"Category"},"disabled":{"social":"Social Share","author":"Author","likes":"Likes","views":"Views","tag":"Tags","favourite":"Favourite","comments":"Comments"}},"single-post-bottommeta-items":{"Left":{"tag":"Tags"},"Right":{"comments":"Comments"},"disabled":{"date":"Date","likes":"Likes","social":"Social Share","author":"Author","category":"Category","views":"Views","favourite":"Favourite"}},"single-post-items":{"Enabled":{"thumb":"Thumbnail","top-meta":"Top Meta","content":"Content","bottom-meta":"Bottom Meta"},"disabled":{"title":"Title"}},"single-post-overlay-opt":"0","single-post-overlay-items":{"Enabled":{"title":"Title"},"disabled":{"top-meta":"Top Meta","bottom-meta":"Bottom Meta"}},"single-post-page-items":{"Enabled":{"post-items":"Post Items","author-info":"Author Info","post-nav":"Post Navigation","comment":"Comment"},"disabled":{"related-slider":"Related Slider"}},"related-max-posts":"5","related-posts-filter":"category","featured-slide-items":"3","featured-slide-tab":"1","featured-slide-mobile":"1","featured-slide-scrollby":"1","featured-slide-autoplay":"0","featured-slide-center":"0","featured-slide-duration":"5000","featured-slide-smartspeed":"250","featured-slide-margin":"10","featured-slide-pagination":"0","featured-slide-navigation":"0","featured-slide-autoheight":"0","related-slide-items":"3","related-slide-tab":"1","related-slide-mobile":"1","related-slide-scrollby":"1","related-slide-autoplay":"0","related-slide-center":"0","related-slide-duration":"5000","related-slide-smartspeed":"250","related-slide-margin":"10","related-slide-pagination":"0","related-slide-navigation":"0","related-slide-autoheight":"0","blog-slide-items":"3","blog-slide-tab":"1","blog-slide-mobile":"1","blog-slide-scrollby":"1","blog-slide-autoplay":"0","blog-slide-center":"0","blog-slide-duration":"5000","blog-slide-smartspeed":"250","blog-slide-margin":"10","blog-slide-pagination":"0","blog-slide-navigation":"0","blog-slide-autoheight":"0","single-slide-items":"3","single-slide-tab":"1","single-slide-mobile":"1","single-slide-scrollby":"1","single-slide-autoplay":"0","single-slide-center":"0","single-slide-duration":"5000","single-slide-smartspeed":"250","single-slide-margin":"10","single-slide-pagination":"0","single-slide-navigation":"0","single-slide-autoheight":"0","social-icons-type":"circled","social-icons-type-footer":"circled","social-icons-fore":"white","social-icons-hfore":"h-own","social-icons-bg":"bg-transparent","social-icons-hbg":"hbg-white","social-fb":"#","social-twitter":"#","social-instagram":"#","social-pinterest":"#","social-gplus":"","social-youtube":"","social-vimeo":"","social-soundcloud":"","social-yahoo":"","social-tumblr":"","social-mailto":"","social-flickr":"","social-dribbble":"","social-linkedin":"","social-rss":"","team-page-template":"no-sidebar","team-left-sidebar":"","team-right-sidebar":"sidebar-1","team-title-opt":"1","cpt-team-slug":"team","cpt-team-layout":"default","maintenance-mode":"0","maintenance-type":"cs","maintenance-custom":"","maintenance-phone":"","maintenance-email":"","maintenance-address":"","mobile-topbar-items":{"disabled":{"custom-1":"Custom Text","address":"Address"},"Enabled":{"phone":"Phone","mail":"Mail"}},"comments-social-shares":["fb","twitter","linkedin","pinterest"],"testimonial-page-template":"no-sidebar","testimonial-left-sidebar":"sidebar-1","testimonial-right-sidebar":"sidebar-1","testimonial-title-opt":"1","cpt-testimonial-slug":"testimonial","events-page-template":"no-sidebar","events-left-sidebar":"","events-right-sidebar":"sidebar-1","event-title-opt":"1","cpt-events-slug":"event","cpt-event-layout":"1","services-page-template":"left-sidebar","services-left-sidebar":"zozo-custom-services-sidebar","services-right-sidebar":"","service-title-opt":"0","cpt-services-slug":"services","portfolio-page-template":"no-sidebar","portfolio-left-sidebar":"","portfolio-right-sidebar":"sidebar-1","portfolio-title-opt":"0","cpt-portfolio-slug":"portfolio","cpt-portfolio-category-slug":"portfolio-category","cpt-portfolio-tag-slug":"portfolio-tag","portfolio-meta-items":{"Enabled":{"date":"Date","client":"Client","duration":"Duration","category":"Category","tag":"Tags"},"Disabled":{"estimation":"Estimation","url":"Url","place":"Place","share":"Share"}},"portfolio-client-label":"Client","portfolio-date-label":"Date","portfolio-duration-label":"Duration","portfolio-estimation-label":"Estimation","portfolio-place-label":"Place","portfolio-url-label":"URL","portfolio-category-label":"Category","portfolio-tags-label":"Tags","portfolio-share-label":"Share","portfolio-layout":"2","portfolio-grid-cols":"2","portfolio-grid-gutter":"20","portfolio-grid-type":"isotope","portfolio-related-opt":"0","portfolio-related-slide-items":"3","portfolio-related-slide-tab":"1","portfolio-related-slide-mobile":"1","portfolio-related-slide-scrollby":"1","portfolio-related-slide-autoplay":"0","portfolio-related-slide-center":"0","portfolio-related-slide-duration":"5000","portfolio-related-slide-smartspeed":"250","portfolio-related-slide-margin":"10","portfolio-related-slide-pagination":"0","portfolio-related-slide-navigation":"0","portfolio-related-slide-autoheight":"0","portfolio-single-slider-opt":"0","portfolio-single-slide-items":"3","portfolio-single-slide-tab":"1","portfolio-single-slide-mobile":"1","portfolio-single-slide-scrollby":"1","portfolio-single-slide-autoplay":"0","portfolio-single-slide-center":"0","portfolio-single-slide-duration":"5000","portfolio-single-slide-smartspeed":"250","portfolio-single-slide-margin":"10","portfolio-single-slide-pagination":"0","portfolio-single-slide-navigation":"0","portfolio-single-slide-autoheight":"0","logo-height":"60","sticky-logo-height":"55","mobile-logo-height":"45","header-topbar-sticky-height":"45","woo-page-title-opt":"1","template-woo-color":"#ffffff","template-woo-link-color":{"regular":"#ffd801","hover":"#eaeaea","active":"#ffd801"},"template-woo-border":{"left":"","right":"","top":"","bottom":"","style":"","color":""},"template-woo-padding":{"left":"","right":"","top":"84","bottom":"84"},"template-woo-background-all":{"bg_repeat":"no-repeat","bg_size":"cover","bg_attachment":"","bg_position":"center center","bg_media":{"id":"13035","url":"https:\/\/elementor.zozothemes.com\/klenster\/wp-content\/uploads\/sites\/21\/2020\/06\/page-title-bg.jpg"},"bg_color":"#141414","bg_transparent":""},"woo-page-title-parallax":"0","woo-page-title-bg":"","woo-page-title-video":"","woo-page-title-overlay":"rgba(0,0,0,0.4)","template-woo-page-title-items-opt":"1","template-woo-pagetitle-items":{"Center":{"title":"Page Title Text","breadcrumb":"Breadcrumb"}},"wooarchive-page-template":"left-sidebar","wooarchive-left-sidebar":"zozo-custom-shop-sidebar","wooarchive-right-sidebar":"","woo-shop-archive-columns":"2","woo-page-template":"left-sidebar","woo-left-sidebar":"zozo-custom-shop-sidebar","woo-right-sidebar":"","woo-shop-columns":"2","woo-shop-ppp":"8","woo-related-ppp":"4","woo-related-slide-items":"4","woo-related-slide-tab":"1","woo-related-slide-mobile":"1","woo-related-slide-scrollby":"1","woo-related-slide-autoplay":"1","woo-related-slide-center":"0","woo-related-slide-duration":"5000","woo-related-slide-smartspeed":"250","woo-related-slide-margin":"30","woo-related-slide-pagination":"1","woo-related-slide-navigation":"0","woo-related-slide-autoheight":"0","woo-related-slide-infinite":"0","single-product-page-title-opt":"1","template-single-color":"","template-single-link-color":{"regular":"#073a7b","hover":"#073a7b","active":"#073a7b"},"template-single-border":{"left":"","right":"","top":"","bottom":"","style":"","color":""},"template-single-padding":{"left":"","right":"","top":"350","bottom":"0"},"template-single-background-all":{"bg_repeat":"no-repeat","bg_size":"cover","bg_attachment":"","bg_position":"center center","bg_media":{"id":"6120","url":""},"bg_color":"","bg_transparent":""},"single-product-page-title-parallax":"0","single-product-page-title-bg":"0","single-product-page-title-video":"","single-product-page-title-overlay":"rgba(0,0,0,0.4)","template-single-product-page-title-items-opt":"1","template-single-product-pagetitle-items":{"disabled":{"title":"Page Title Text"},"Center":{"breadcrumb":"Breadcrumb"}},"template-single-product-padding":{"left":"","right":"","top":"84","bottom":"84"},"template-single-product-background-all":{"bg_repeat":"no-repeat","bg_size":"cover","bg_attachment":"","bg_position":"center center","bg_media":{"id":"13035","url":"https:\/\/elementor.zozothemes.com\/klenster\/wp-content\/uploads\/sites\/21\/2020\/06\/page-title-bg.jpg"},"bg_color":"#141414","bg_transparent":""},"template-single-product-link-color":{"regular":"#ffd801","hover":"#eaeaea","active":"#ffd801"},"template-single-product-color":"#ffffff","template-single-product-border":{"left":"","right":"","top":"","bottom":"","style":"","color":""},"services-page-hide-sidebar":"1","post-social-shares":{"fb":"fb","twitter":"twitter","linkedin":"linkedin","pinterest":"pinterest"},"portfolio-page-hide-sidebar":"0"}