{"sidebar-1":{"search-1":{"title":""},"categories-1":{"title":"Categories","count":0,"hierarchical":0,"dropdown":0},"klenster_latest_post_widget-1":{"title":"Recent Posts","categories":"all","number":"3"},"tag_cloud-1":{"title":"Tags","count":0,"taxonomy":"post_tag"}},"sidebar-2":{"zozo_contact_info_widget-1":{"title":"Contact Info","ctext":"","caddress":"4b, Walse Street , USA","cphone":"(232) 456-7890","cmail":"info@example.com","font_color":"","cfshortcode":"","background_color":"","background_img":""},"zozo_social_widget-3":{"title":"","socialstyle":"transparent","social_icons_fore":"white","social_icons_hfore":"h-own","social_icons_bg":"bg-transparent","social_icons_hbg":"hbg-transparent","facebook":"#","twitter":"#","googleplus":"","instagram":"#","bloglovin":"","youtube":"","tumblr":"","pinterest":"#","dribbble":"","soundcloud":"","vimeo":"","linkedin":"","rss":""}},"sidebar-3":{"nav_menu-2":{"title":"Quick Links","nav_menu":51}},"sidebar-4":{"custom_html-3":{"title":"Get Free Estimate","content":"<h6 class=\"mb-1\"><a href=\"tel:2324567890\">(232) 456-7890<\/a><\/h6>\n<p class=\"mb-3\">There are many variations of passages of Lorem Ipsum available, but the majority.<\/p>\n<div class=\"footer-btn\"><a href=\"https:\/\/elementor.zozothemes.com\/klenster\/contact\/\" class=\"btn btn-default foot-btn\">Request with Online Form<\/a><\/div>"}},"sidebar-5":{"null-instagram-feed-2":{"title":"Follow Instagram","username":"homecleaninguk","access_token":"3108469603.56dd419.a93f519121cf4ae18507111eec14deb9","number":"9","size":"small","cols":"3","target":"_self","link":""}},"zozo-custom-services-sidebar":{"nav_menu-1":{"nav_menu":50},"zozo_about_widget-1":{"title":"","image":"https:\/\/elementor.zozothemes.com\/klenster\/wp-content\/uploads\/sites\/21\/2020\/06\/side-6.jpg","round":true,"description":"Lorem ipsum dolor sit amet, consectetur adipiscing elit, sed do eiusmod tempor.","sign_image":"https:\/\/elementor.zozothemes.com\/digion\/wp-content\/uploads\/sites\/11\/2020\/05\/sign-1.png","author_url":"","readmore_text":""},"klenster_latest_post_widget-2":{"title":"Recent Blogs","categories":"all","number":"3"}},"zozo-custom-shop-sidebar":{"woocommerce_price_filter-1":{"title":"Filter by price"},"woocommerce_product_categories-1":{"title":"Product categories","orderby":"name","dropdown":0,"count":0,"hierarchical":1,"show_children_only":0,"hide_empty":0,"max_depth":""},"woocommerce_products-1":{"title":"Latest Products","number":3,"show":"","orderby":"date","order":"desc","hide_free":0,"show_hidden":0},"tag_cloud-2":{"title":"Tags","count":0,"taxonomy":"post_tag"}},"zozo-custom-footer-top-1":{"media_image-1":{"size":"custom","width":200,"height":39,"caption":"","alt":"","link_type":"custom","link_url":"","image_classes":"","link_classes":"","link_rel":"","link_target_blank":false,"image_title":"","attachment_id":13021,"url":"http:\/\/elementor.zozothemes.com\/klenster\/wp-content\/uploads\/sites\/21\/2020\/06\/logo-samp-lt.png","title":""},"text-2":{"title":"","text":"Lorem ipsum dolor sit amet, sed do consectetur adipiscing elit.","filter":true,"visual":true},"zozo_social_widget-1":{"title":"","socialstyle":"transparent","social_icons_fore":"white","social_icons_hfore":"h-own","social_icons_bg":"bg-transparent","social_icons_hbg":"hbg-transparent","facebook":"#","twitter":"#","googleplus":"","instagram":"#","bloglovin":"","youtube":"","tumblr":"","pinterest":"#","dribbble":"","soundcloud":"","vimeo":"","linkedin":"","rss":""}},"zozo-custom-footer-top-2":{"klenster_mailchimp_widget-1":{"collect_first":false,"collect_last":false,"current_mailing_list":"","failure_message":"Please Enter Valid Email Address.","signup_text":"Subscribe Now","success_message":"You Are Subscribed Now.","subtitle":"","title":"Subscribe Our Newsletter"}}}