<wpml-config>
    <admin-texts>
		<key name="klenster_options">
			<key name="header-phone-text-textarea" />
			<key name="header-address-text-textarea" />
			<key name="header-email-text-textarea" />
			<key name="header-topbar-text-1" />
			<key name="header-topbar-text-2" />
			<key name="header-topbar-text-3" />
			<key name="header-logobar-text-1" />
			<key name="header-logobar-text-2" />
			<key name="header-logobar-text-3" />
			<key name="header-navbar-text-1" />
			<key name="header-navbar-text-2" />
			<key name="header-navbar-text-3" />
			<key name="header-fixed-text-1" />
			<key name="header-fixed-text-2" />
			<key name="mobile-menu-text-1" />
			<key name="mobile-menu-text-2" />
			<key name="copyright-text-textarea" />
			<key name="blog-page-title" />
			<key name="blog-page-desc-textarea" />
			<key name="blog-more-text" />
			<key name="archive-more-text" />
			<key name="category-more-text" />
			<key name="tag-more-text" />
			<key name="search-more-text" />
			<key name="author-more-text" />			
			<key name="portfolio-client-label" />
			<key name="portfolio-date-label" />
			<key name="portfolio-duration-label" />
			<key name="portfolio-estimation-label" />
			<key name="portfolio-place-label" />
			<key name="portfolio-url-label" />
			<key name="portfolio-category-label" />
			<key name="portfolio-tags-label" />
			<key name="portfolio-share-label" />
		</key>
	</admin-texts>
	<custom-fields>
		<custom-field action="translate">klenster_post_header_post_title_text</custom-field>
		<custom-field action="translate">klenster_post_header_post_title_desc</custom-field>
		<custom-field action="copy">klenster_post_header_post_title_video</custom-field>
		<custom-field action="copy">klenster_post_video_id</custom-field>
		<custom-field action="copy">klenster_post_audio_id</custom-field>
		<custom-field action="translate">klenster_post_quote_text</custom-field>
		<custom-field action="translate">klenster_post_quote_author</custom-field>
		<custom-field action="translate">klenster_post_link_text</custom-field>
		<custom-field action="copy">klenster_post_extrenal_link</custom-field>
		<custom-field action="translate">klenster_page_header_page_title_text</custom-field>
		<custom-field action="translate">klenster_page_header_page_title_desc</custom-field>
		<custom-field action="copy">klenster_page_header_page_title_video</custom-field>
		<custom-field action="translate">klenster_portfolio_date</custom-field>
		<custom-field action="translate">klenster_portfolio_client_name</custom-field>
		<custom-field action="translate">klenster_portfolio_duration</custom-field>
		<custom-field action="translate">klenster_portfolio_estimation</custom-field>
		<custom-field action="translate">klenster_portfolio_place</custom-field>
		<custom-field action="copy">klenster_portfolio_url</custom-field>
		<custom-field action="copy">klenster_portfolio_video_id</custom-field>
		<custom-field action="copy">klenster_portfolio_audio_id</custom-field>
		<custom-field action="copy">klenster_portfolio_gmap_latitude</custom-field>
		<custom-field action="copy">klenster_portfolio_gmap_longitude</custom-field>
		<custom-field action="copy">klenster_portfolio_gmap_marker</custom-field>
		<custom-field action="translate">klenster_team_designation</custom-field>
		<custom-field action="copy">klenster_team_email</custom-field>
		<custom-field action="translate">klenster_testimonial_designation</custom-field>
		<custom-field action="translate">klenster_testimonial_company_name</custom-field>
		<custom-field action="copy">klenster_testimonial_company_url</custom-field>		
		<custom-field action="translate">klenster_event_organiser_name</custom-field>
		<custom-field action="translate">klenster_event_organiser_designation</custom-field>
		<custom-field action="copy">klenster_event_start_date</custom-field>
		<custom-field action="translate">klenster_event_end_date</custom-field>
		<custom-field action="translate">klenster_event_time</custom-field>
		<custom-field action="translate">klenster_event_cost</custom-field>
		<custom-field action="copy">klenster_event_link</custom-field>
		<custom-field action="translate">klenster_event_link_text</custom-field>
		<custom-field action="translate">klenster_event_venue_name</custom-field>
		<custom-field action="translate">klenster_event_venue_address</custom-field>
		<custom-field action="copy">klenster_event_email</custom-field>
		<custom-field action="copy">klenster_event_phone</custom-field>
		<custom-field action="copy">klenster_event_website</custom-field>
    </custom-fields>
	
	<elementor-widgets>
		<widget name="animtext">        
			<fields>
                <field type="AnimatedText: Title" editor_type="LINE">ani_title</field>
				<field type="AnimatedText: Animated Text" editor_type="LINE">ani_text</field>	
            </fields>
        </widget>
		
		<widget name="klenstercircleprogress">        
			<fields>
                <field type="Circle Progress: Title" editor_type="LINE">title</field>
				<field type="Circle Progress: content" editor_type="LINE">content</field>	
            </fields>
        </widget>
		<widget name="contactform">        
			<fields>
                <field type="Contact form: Title" editor_type="LINE">title</field>
            </fields>
        </widget>
		<widget name="contactinfo">        
			<fields>
                <field type="Contact Info: Title" editor_type="LINE">title</field>
				<field type="Contact Info: Info" editor_type="LINE">contact_info</field>	
				<field type="Contact Info: Address" editor_type="LINE">contact_address</field>
				<field type="Contact Info: Email" editor_type="LINE">contact_email</field>
				<field type="Contact Info: Phone" editor_type="LINE">contact_number</field>				
				<field type="Contact Info: Time" editor_type="LINE">contact_timing</field>
            </fields>
        </widget>
		<widget name="klenstercounter">        
			<fields>
                <field type="Counter: Title" editor_type="LINE">title</field>
				<field type="Counter: content" editor_type="LINE">content</field>	
            </fields>
        </widget>
		<widget name="klensterdaycounter">        
			<fields>
                <field type="Day Counter: Day" editor_type="LINE">day_label</field>				
				<field type="Day Counter: Hours" editor_type="LINE">hour_label</field>					
				<field type="Day Counter: Minutes" editor_type="LINE">min_label</field>					
				<field type="Day Counter: Seconds" editor_type="LINE">sec_label</field>					
				<field type="Day Counter: Week" editor_type="LINE">week_label</field>	
            </fields>
        </widget>
        <widget name="klensterfeaturebox">        
			<fields>
                <field type="Featurebox: Title" editor_type="LINE">title</field>
				<field type="Featurebox: Content" editor_type="LINE">content</field>				
				<field type="Featurebox: Button Text" editor_type="LINE">btn_text</field>
                <field type="Featurebox: Button URL" editor_type="LINE">btn_url</field>
            </fields>
        </widget>	
		<widget name="klensterflipbox">        
			<fields>
                <field type="Flipbox: Title" editor_type="LINE">title</field>				
				<field type="Flipbox: Button Text" editor_type="LINE">btn_text</field>
                <field type="Flipbox: Button URL" editor_type="LINE">btn_url</field>
				<field type="Flipbox: Content" editor_type="LINE">content</field>				
            </fields>
        </widget>	
		<widget name="klenstergooglemap">        
			<fields>
                <field type="Google Map: Title" editor_type="LINE">title</field>				
            </fields>
        </widget>

		<widget name="klenstericonlist">
			<fields-in-item items_of="icon_list">
				<field type="Icon List: text" editor_type="LINE">list_title</field>
			</fields-in-item>
		</widget>
		
		<widget name="klenstermodalpopup">        
			<fields>
                <field type="Modalpopup : Button Text" editor_type="LINE">btn_text</field>
				<field type="Modalpopup : Title" editor_type="LINE">modal_title</field>
				<field type="Modalpopup : Content" editor_type="LINE">modal_content</field>						
            </fields>
        </widget>
		<widget name="klensterpricingtable">        
			<fields>
                <field type="Pricing Table : Title" editor_type="LINE">title</field>
				<field type="Pricing Table : Price Before" editor_type="LINE">price_before</field>
				<field type="Pricing Table : Price" editor_type="LINE">price</field>
				<field type="Pricing Table : Price After" editor_type="LINE">price_after</field>	
				<field type="Pricing Table : Content" editor_type="LINE">pricing_content</field>
				<field type="Pricing Table : Button Text" editor_type="LINE">btn_text</field>
				<field type="Pricing Table : Ribbon Text" editor_type="LINE">ribbon_text</field>				
            </fields>
			<fields-in-item items_of="pricing_titles">
				<field type="Pricing Table: feature" editor_type="LINE">title</field>
			</fields-in-item>
        </widget>
		
		<widget name="klenstersectiontitle">        
            <fields>
                <field type="Title: Title" editor_type="LINE">title</field>
				<field type="Title: Prefix" editor_type="LINE">title_prefix</field>
				<field type="Title: Suffix" editor_type="LINE">title_suffix</field>
				<field type="Title: Subtitle" editor_type="LINE">sub_title</field>
				<field type="Title: Lead" editor_type="LINE">lead_text</field>
				<field type="Title: Content" editor_type="LINE">sec_tit_content</field>
				<field type="Title: Button Text" editor_type="LINE">btn_text</field>
                <field type="Title: Button URL" editor_type="LINE">btn_url</field>
            </fields>
        </widget>		
		<widget name="klenstersociallinks">        
			<fields>
                <field type="Social Links : Title" editor_type="LINE">title</field>				
            </fields>
        </widget>
		<widget name="klenstertimeline">        
			<fields-in-item items_of="timline">
                <field type="Timeline : Title" editor_type="LINE">timeline_title</field>
				<field type="Timeline : Sub Title" editor_type="LINE">timeline_subtitle</field>
				<field type="Timeline : Separator Title" editor_type="LINE">separator_title</field>
				<field type="Timeline : Separator Sub Title" editor_type="LINE">separator_subtitle</field>	
				<field type="Timeline : Content" editor_type="LINE">tl_content</field>					
            </fields-in-item>
        </widget>
		<widget name="klensterchart">        
			<fields>
                <field type="Chart : Title" editor_type="LINE">title</field>				
            </fields>
			<fields-in-item items_of="Chart Details">
				<field type="Chart : Lables" editor_type="LINE">chart_labels</field>
			</fields-in-item>
        </widget>
		<widget name="klensterrecentpopular">        
			<fields>
                <field type="Recent Blog : Include category" editor_type="LINE">include_cats</field>				
				<field type="Recent Blog : Exclude category" editor_type="LINE">exclude_cats</field>
				<field type="Recent Blog : ReadMore Text" editor_type="LINE">more_text</field>				
            </fields>
        </widget>
		<widget name="klensterblog">        
			<fields>
                <field type="Recent Blog : Include category" editor_type="LINE">include_cats</field>				
				<field type="Recent Blog : Exclude category" editor_type="LINE">exclude_cats</field>
				<field type="Recent Blog : ReadMore Text" editor_type="LINE">more_text</field>				
            </fields>
        </widget>
		<widget name="klensterportfolio">        
			<fields>
                <field type="Portfolio : Include category" editor_type="LINE">include_cats</field>				
				<field type="Portfolio : Exclude category" editor_type="LINE">exclude_cats</field>
				<field type="Portfolio : ReadMore Text" editor_type="LINE">more_text</field>				
            </fields>
        </widget>
		<widget name="klensterteam">        
			<fields>
                <field type="Team : ReadMore Text" editor_type="LINE">more_text</field>	
				<field type="Team : category" editor_type="LINE">team_cats</field>	
				<field type="Team : id" editor_type="LINE">team_ids</field>					
            </fields>
        </widget>
		<widget name="klensterevent">        
			<fields>
                <field type="Event : ReadMore Text" editor_type="LINE">more_text</field>		
            </fields>
        </widget>
		<widget name="klensterservice">        
			<fields>
                <field type="Service : ReadMore Text" editor_type="LINE">more_text</field>		
            </fields>
        </widget>
		<widget name="klenstertestimonial">        
			<fields>
                <field type="Testimonials : ReadMore Text" editor_type="LINE">more_text</field>	
				<field type="Testimonials : id" editor_type="LINE">testimonial_ids</field>					
            </fields>
        </widget>
		<widget name="togglecontent">        
			<fields>
                <field type="Toggle content : Content" editor_type="LINE">tg_content</field>	
				<field type="Toggle content : button text" editor_type="LINE">btn_text</field>					
				<field type="Toggle content : button text less" editor_type="LINE">btn_less_text</field>					
            </fields>
        </widget>
		<widget name="mailchimp">        
			<fields>
                <field type="Mailchimp : Title" editor_type="LINE">title</field>	
				<field type="Mailchimp : Button text" editor_type="LINE">button_text</field>
				<field type="Mailchimp : Placeholder" editor_type="LINE">placeholder</field>	
				<field type="Mailchimp : Sub Title" editor_type="LINE">sub_title</field>	
				<field type="Mailchimp : Success Text" editor_type="LINE">success_text</field>	
				<field type="Mailchimp : Failure Text" editor_type="LINE">fail_text</field>					
            </fields>
        </widget>
		<widget name="klensterpopup-anything">        
			<fields>
				<field type="Popup : Popup Url" editor_type="LINE">popup_url</field>	
                <field type="Popup : Button Text" editor_type="LINE">btn_text</field>	
				<field type="Popup : Popup Text" editor_type="LINE">popup_text</field>						
            </fields>
        </widget>
		<widget name="klensterpopover">        
			<fields>
                <field type="Popover : Button Text" editor_type="LINE">btn_text</field>	
				<field type="Popover : Popover Text" editor_type="LINE">popup_text</field>						
				<field type="Popover : Content" editor_type="LINE">popover_content</field>	
            </fields>
        </widget>
		<widget name="roundtab">
			<fields-in-item items_of="Round Table">
				<field type="Round Tab: Tab Text" editor_type="LINE">tab_txt</field>
				<field type="Round Tab: Subtitle" editor_type="LINE">sub_title</field>
				<field type="Round Tab: Main Title" editor_type="LINE">main_title</field>
				<field type="Round Tab: Inner Contents" editor_type="LINE">inner_contents</field>
			</fields-in-item>
        </widget>
    </elementor-widgets>	
</wpml-config>